Godina,Dohodak
2006,3644.792633
2007,4708.043974
2008,5751.963631
2009,5069.820372
2010,4662.550758
2011,5413.318382
2012,4494.986443
2013,4992.095299
2014,4752.379044
2015,4585.51385
2016,4680.4751
2017,5026.04952
2018,5868.352728
2019,5939.755291
2020,6361.959439
